-- TABLA COLORES
INSERT INTO `color` (`id`, `color`, `increment`, `increment_type`) VALUES (1, 'Rojo', 0.13, 'P');
INSERT INTO `color` (`id`, `color`, `increment`, `increment_type`) VALUES (2, 'Verde', 3, 'M');
INSERT INTO `color` (`id`, `color`, `increment`, `increment_type`) VALUES (3, 'Azul', 0.10, 'P');
INSERT INTO `color` (`id`, `color`, `increment`, `increment_type`) VALUES (4, 'Naranja', 0.06, 'P');
INSERT INTO `color` (`id`, `color`, `increment`, `increment_type`) VALUES (5, 'Amarillo', 2, 'M');
INSERT INTO `color` (`id`, `color`, `increment`, `increment_type`) VALUES (6, 'Rosa', 0.25, 'P');
INSERT INTO `color` (`id`, `color`, `increment`, `increment_type`) VALUES (7, 'Negro', 0.30, 'P');
-- TABLA PRODUCTOS
INSERT INTO `product` (`id`, `initial_price`, `type`) VALUES (1, 20, 'Camisa');
INSERT INTO `product` (`id`, `initial_price`, `type`) VALUES (2, 30, 'Pantalones');
INSERT INTO `product` (`id`, `initial_price`, `type`) VALUES (3, 10, 'Bufanda');
INSERT INTO `product` (`id`, `initial_price`, `type`) VALUES (4, 5, 'Gorra');
INSERT INTO `product` (`id`, `initial_price`, `type`) VALUES (5, 4, 'Calcetines');
INSERT INTO `product` (`id`, `initial_price`, `type`) VALUES (6, 25, 'Sudadera');
-- TABLA TIENDAS
INSERT INTO `shop` (`id`, `current_cash`, `increment`, `name`) VALUES (1, 0, 0.12, 'Madrid');
INSERT INTO `shop` (`id`, `current_cash`, `increment`, `name`) VALUES (2, 0, 0.14, 'Barcelona');
INSERT INTO `shop` (`id`, `current_cash`, `increment`, `name`) VALUES (3, 0, 0.08, 'Granada');
-- TABLA STOCKS
INSERT INTO `stock` (`id`, `amount`, `color_id`, `producto_id`, `tienda_id`) VALUES (1, 10, 1, 1, 1);
INSERT INTO `stock` (`id`, `amount`, `color_id`, `producto_id`, `tienda_id`) VALUES (2, 10, 2, 1, 1);
INSERT INTO `stock` (`id`, `amount`, `color_id`, `producto_id`, `tienda_id`) VALUES (3, 10, 3, 1, 1);
INSERT INTO `stock` (`id`, `amount`, `color_id`, `producto_id`, `tienda_id`) VALUES (4, 10, 4, 1, 1);
INSERT INTO `stock` (`id`, `amount`, `color_id`, `producto_id`, `tienda_id`) VALUES (5, 10, 5, 1, 1);
INSERT INTO `stock` (`id`, `amount`, `color_id`, `producto_id`, `tienda_id`) VALUES (6, 10, 6, 1, 1);
INSERT INTO `stock` (`id`, `amount`, `color_id`, `producto_id`, `tienda_id`) VALUES (7, 10, 7, 1, 1);
INSERT INTO `stock` (`id`, `amount`, `color_id`, `producto_id`, `tienda_id`) VALUES (8, 10, 1, 2, 1);
INSERT INTO `stock` (`id`, `amount`, `color_id`, `producto_id`, `tienda_id`) VALUES (9, 10, 2, 2, 1);
INSERT INTO `stock` (`id`, `amount`, `color_id`, `producto_id`, `tienda_id`) VALUES (10, 10, 3, 2, 1);
INSERT INTO `stock` (`id`, `amount`, `color_id`, `producto_id`, `tienda_id`) VALUES (11, 10, 4, 2, 1);
INSERT INTO `stock` (`id`, `amount`, `color_id`, `producto_id`, `tienda_id`) VALUES (12, 10, 5, 2, 1);
INSERT INTO `stock` (`id`, `amount`, `color_id`, `producto_id`, `tienda_id`) VALUES (13, 10, 6, 2, 1);
INSERT INTO `stock` (`id`, `amount`, `color_id`, `producto_id`, `tienda_id`) VALUES (14, 10, 7, 2, 1);
INSERT INTO `stock` (`id`, `amount`, `color_id`, `producto_id`, `tienda_id`) VALUES (15, 10, 1, 3, 1);
INSERT INTO `stock` (`id`, `amount`, `color_id`, `producto_id`, `tienda_id`) VALUES (16, 10, 2, 3, 1);
INSERT INTO `stock` (`id`, `amount`, `color_id`, `producto_id`, `tienda_id`) VALUES (17, 10, 3, 3, 1);
INSERT INTO `stock` (`id`, `amount`, `color_id`, `producto_id`, `tienda_id`) VALUES (18, 10, 4, 3, 1);
INSERT INTO `stock` (`id`, `amount`, `color_id`, `producto_id`, `tienda_id`) VALUES (19, 10, 5, 3, 1);
INSERT INTO `stock` (`id`, `amount`, `color_id`, `producto_id`, `tienda_id`) VALUES (20, 10, 6, 3, 1);
INSERT INTO `stock` (`id`, `amount`, `color_id`, `producto_id`, `tienda_id`) VALUES (21, 10, 7, 3, 1);
INSERT INTO `stock` (`id`, `amount`, `color_id`, `producto_id`, `tienda_id`) VALUES (22, 10, 1, 4, 1);
INSERT INTO `stock` (`id`, `amount`, `color_id`, `producto_id`, `tienda_id`) VALUES (23, 10, 2, 4, 1);
INSERT INTO `stock` (`id`, `amount`, `color_id`, `producto_id`, `tienda_id`) VALUES (24, 10, 3, 4, 1);
INSERT INTO `stock` (`id`, `amount`, `color_id`, `producto_id`, `tienda_id`) VALUES (25, 10, 4, 4, 1);
INSERT INTO `stock` (`id`, `amount`, `color_id`, `producto_id`, `tienda_id`) VALUES (26, 10, 5, 4, 1);
INSERT INTO `stock` (`id`, `amount`, `color_id`, `producto_id`, `tienda_id`) VALUES (27, 10, 6, 4, 1);
INSERT INTO `stock` (`id`, `amount`, `color_id`, `producto_id`, `tienda_id`) VALUES (28, 10, 7, 4, 1);
INSERT INTO `stock` (`id`, `amount`, `color_id`, `producto_id`, `tienda_id`) VALUES (29, 10, 1, 5, 1);
INSERT INTO `stock` (`id`, `amount`, `color_id`, `producto_id`, `tienda_id`) VALUES (30, 10, 2, 5, 1);
INSERT INTO `stock` (`id`, `amount`, `color_id`, `producto_id`, `tienda_id`) VALUES (31, 10, 3, 5, 1);
INSERT INTO `stock` (`id`, `amount`, `color_id`, `producto_id`, `tienda_id`) VALUES (32, 10, 4, 5, 1);
INSERT INTO `stock` (`id`, `amount`, `color_id`, `producto_id`, `tienda_id`) VALUES (33, 10, 5, 5, 1);
INSERT INTO `stock` (`id`, `amount`, `color_id`, `producto_id`, `tienda_id`) VALUES (34, 10, 6, 5, 1);
INSERT INTO `stock` (`id`, `amount`, `color_id`, `producto_id`, `tienda_id`) VALUES (35, 10, 7, 5, 1);
INSERT INTO `stock` (`id`, `amount`, `color_id`, `producto_id`, `tienda_id`) VALUES (36, 10, 1, 6, 1);
INSERT INTO `stock` (`id`, `amount`, `color_id`, `producto_id`, `tienda_id`) VALUES (37, 10, 2, 6, 1);
INSERT INTO `stock` (`id`, `amount`, `color_id`, `producto_id`, `tienda_id`) VALUES (38, 10, 3, 6, 1);
INSERT INTO `stock` (`id`, `amount`, `color_id`, `producto_id`, `tienda_id`) VALUES (39, 10, 4, 6, 1);
INSERT INTO `stock` (`id`, `amount`, `color_id`, `producto_id`, `tienda_id`) VALUES (40, 10, 5, 6, 1);
INSERT INTO `stock` (`id`, `amount`, `color_id`, `producto_id`, `tienda_id`) VALUES (41, 10, 6, 6, 1);
INSERT INTO `stock` (`id`, `amount`, `color_id`, `producto_id`, `tienda_id`) VALUES (42, 10, 7, 6, 1);
INSERT INTO `stock` (`id`, `amount`, `color_id`, `producto_id`, `tienda_id`) VALUES (43, 10, 1, 1, 2);
INSERT INTO `stock` (`id`, `amount`, `color_id`, `producto_id`, `tienda_id`) VALUES (44, 10, 2, 1, 2);
INSERT INTO `stock` (`id`, `amount`, `color_id`, `producto_id`, `tienda_id`) VALUES (45, 10, 3, 1, 2);
INSERT INTO `stock` (`id`, `amount`, `color_id`, `producto_id`, `tienda_id`) VALUES (46, 10, 4, 1, 2);
INSERT INTO `stock` (`id`, `amount`, `color_id`, `producto_id`, `tienda_id`) VALUES (47, 10, 5, 1, 2);
INSERT INTO `stock` (`id`, `amount`, `color_id`, `producto_id`, `tienda_id`) VALUES (48, 10, 6, 1, 2);
INSERT INTO `stock` (`id`, `amount`, `color_id`, `producto_id`, `tienda_id`) VALUES (49, 10, 7, 1, 2);
INSERT INTO `stock` (`id`, `amount`, `color_id`, `producto_id`, `tienda_id`) VALUES (50, 10, 1, 2, 2);
INSERT INTO `stock` (`id`, `amount`, `color_id`, `producto_id`, `tienda_id`) VALUES (51, 10, 2, 2, 2);
INSERT INTO `stock` (`id`, `amount`, `color_id`, `producto_id`, `tienda_id`) VALUES (52, 10, 3, 2, 2);
INSERT INTO `stock` (`id`, `amount`, `color_id`, `producto_id`, `tienda_id`) VALUES (53, 10, 4, 2, 2);
INSERT INTO `stock` (`id`, `amount`, `color_id`, `producto_id`, `tienda_id`) VALUES (54, 10, 5, 2, 2);
INSERT INTO `stock` (`id`, `amount`, `color_id`, `producto_id`, `tienda_id`) VALUES (55, 10, 6, 2, 2);
INSERT INTO `stock` (`id`, `amount`, `color_id`, `producto_id`, `tienda_id`) VALUES (56, 10, 7, 2, 2);
INSERT INTO `stock` (`id`, `amount`, `color_id`, `producto_id`, `tienda_id`) VALUES (57, 10, 1, 3, 2);
INSERT INTO `stock` (`id`, `amount`, `color_id`, `producto_id`, `tienda_id`) VALUES (58, 10, 2, 3, 2);
INSERT INTO `stock` (`id`, `amount`, `color_id`, `producto_id`, `tienda_id`) VALUES (59, 10, 3, 3, 2);
INSERT INTO `stock` (`id`, `amount`, `color_id`, `producto_id`, `tienda_id`) VALUES (60, 10, 4, 3, 2);
INSERT INTO `stock` (`id`, `amount`, `color_id`, `producto_id`, `tienda_id`) VALUES (61, 10, 5, 3, 2);
INSERT INTO `stock` (`id`, `amount`, `color_id`, `producto_id`, `tienda_id`) VALUES (62, 10, 6, 3, 2);
INSERT INTO `stock` (`id`, `amount`, `color_id`, `producto_id`, `tienda_id`) VALUES (63, 10, 7, 3, 2);
INSERT INTO `stock` (`id`, `amount`, `color_id`, `producto_id`, `tienda_id`) VALUES (64, 10, 1, 4, 2);
INSERT INTO `stock` (`id`, `amount`, `color_id`, `producto_id`, `tienda_id`) VALUES (65, 10, 2, 4, 2);
INSERT INTO `stock` (`id`, `amount`, `color_id`, `producto_id`, `tienda_id`) VALUES (66, 10, 3, 4, 2);
INSERT INTO `stock` (`id`, `amount`, `color_id`, `producto_id`, `tienda_id`) VALUES (67, 10, 4, 4, 2);
INSERT INTO `stock` (`id`, `amount`, `color_id`, `producto_id`, `tienda_id`) VALUES (68, 10, 5, 4, 2);
INSERT INTO `stock` (`id`, `amount`, `color_id`, `producto_id`, `tienda_id`) VALUES (69, 10, 6, 4, 2);
INSERT INTO `stock` (`id`, `amount`, `color_id`, `producto_id`, `tienda_id`) VALUES (70, 10, 7, 4, 2);
INSERT INTO `stock` (`id`, `amount`, `color_id`, `producto_id`, `tienda_id`) VALUES (71, 10, 1, 5, 2);
INSERT INTO `stock` (`id`, `amount`, `color_id`, `producto_id`, `tienda_id`) VALUES (72, 10, 2, 5, 2);
INSERT INTO `stock` (`id`, `amount`, `color_id`, `producto_id`, `tienda_id`) VALUES (73, 10, 3, 5, 2);
INSERT INTO `stock` (`id`, `amount`, `color_id`, `producto_id`, `tienda_id`) VALUES (74, 10, 4, 5, 2);
INSERT INTO `stock` (`id`, `amount`, `color_id`, `producto_id`, `tienda_id`) VALUES (75, 10, 5, 5, 2);
INSERT INTO `stock` (`id`, `amount`, `color_id`, `producto_id`, `tienda_id`) VALUES (76, 10, 6, 5, 2);
INSERT INTO `stock` (`id`, `amount`, `color_id`, `producto_id`, `tienda_id`) VALUES (77, 10, 7, 5, 2);
INSERT INTO `stock` (`id`, `amount`, `color_id`, `producto_id`, `tienda_id`) VALUES (78, 10, 1, 6, 2);
INSERT INTO `stock` (`id`, `amount`, `color_id`, `producto_id`, `tienda_id`) VALUES (79, 10, 2, 6, 2);
INSERT INTO `stock` (`id`, `amount`, `color_id`, `producto_id`, `tienda_id`) VALUES (80, 10, 3, 6, 2);
INSERT INTO `stock` (`id`, `amount`, `color_id`, `producto_id`, `tienda_id`) VALUES (81, 10, 4, 6, 2);
INSERT INTO `stock` (`id`, `amount`, `color_id`, `producto_id`, `tienda_id`) VALUES (82, 10, 5, 6, 2);
INSERT INTO `stock` (`id`, `amount`, `color_id`, `producto_id`, `tienda_id`) VALUES (83, 10, 6, 6, 2);
INSERT INTO `stock` (`id`, `amount`, `color_id`, `producto_id`, `tienda_id`) VALUES (84, 10, 7, 6, 2);
INSERT INTO `stock` (`id`, `amount`, `color_id`, `producto_id`, `tienda_id`) VALUES (85, 10, 1, 1, 3);
INSERT INTO `stock` (`id`, `amount`, `color_id`, `producto_id`, `tienda_id`) VALUES (86, 10, 2, 1, 3);
INSERT INTO `stock` (`id`, `amount`, `color_id`, `producto_id`, `tienda_id`) VALUES (87, 10, 3, 1, 3);
INSERT INTO `stock` (`id`, `amount`, `color_id`, `producto_id`, `tienda_id`) VALUES (88, 10, 4, 1, 3);
INSERT INTO `stock` (`id`, `amount`, `color_id`, `producto_id`, `tienda_id`) VALUES (89, 10, 5, 1, 3);
INSERT INTO `stock` (`id`, `amount`, `color_id`, `producto_id`, `tienda_id`) VALUES (90, 10, 6, 1, 3);
INSERT INTO `stock` (`id`, `amount`, `color_id`, `producto_id`, `tienda_id`) VALUES (91, 10, 7, 1, 3);
INSERT INTO `stock` (`id`, `amount`, `color_id`, `producto_id`, `tienda_id`) VALUES (92, 10, 1, 2, 3);
INSERT INTO `stock` (`id`, `amount`, `color_id`, `producto_id`, `tienda_id`) VALUES (93, 10, 2, 2, 3);
INSERT INTO `stock` (`id`, `amount`, `color_id`, `producto_id`, `tienda_id`) VALUES (94, 10, 3, 2, 3);
INSERT INTO `stock` (`id`, `amount`, `color_id`, `producto_id`, `tienda_id`) VALUES (95, 10, 4, 2, 3);
INSERT INTO `stock` (`id`, `amount`, `color_id`, `producto_id`, `tienda_id`) VALUES (96, 10, 5, 2, 3);
INSERT INTO `stock` (`id`, `amount`, `color_id`, `producto_id`, `tienda_id`) VALUES (97, 10, 6, 2, 3);
INSERT INTO `stock` (`id`, `amount`, `color_id`, `producto_id`, `tienda_id`) VALUES (98, 10, 7, 2, 3);
INSERT INTO `stock` (`id`, `amount`, `color_id`, `producto_id`, `tienda_id`) VALUES (99, 10, 1, 3, 3);
INSERT INTO `stock` (`id`, `amount`, `color_id`, `producto_id`, `tienda_id`) VALUES (100, 10, 2, 3, 3);
INSERT INTO `stock` (`id`, `amount`, `color_id`, `producto_id`, `tienda_id`) VALUES (101, 10, 3, 3, 3);
INSERT INTO `stock` (`id`, `amount`, `color_id`, `producto_id`, `tienda_id`) VALUES (102, 10, 4, 3, 3);
INSERT INTO `stock` (`id`, `amount`, `color_id`, `producto_id`, `tienda_id`) VALUES (103, 10, 5, 3, 3);
INSERT INTO `stock` (`id`, `amount`, `color_id`, `producto_id`, `tienda_id`) VALUES (104, 10, 6, 3, 3);
INSERT INTO `stock` (`id`, `amount`, `color_id`, `producto_id`, `tienda_id`) VALUES (105, 10, 7, 3, 3);
INSERT INTO `stock` (`id`, `amount`, `color_id`, `producto_id`, `tienda_id`) VALUES (106, 10, 1, 4, 3);
INSERT INTO `stock` (`id`, `amount`, `color_id`, `producto_id`, `tienda_id`) VALUES (107, 10, 2, 4, 3);
INSERT INTO `stock` (`id`, `amount`, `color_id`, `producto_id`, `tienda_id`) VALUES (108, 10, 3, 4, 3);
INSERT INTO `stock` (`id`, `amount`, `color_id`, `producto_id`, `tienda_id`) VALUES (109, 10, 4, 4, 3);
INSERT INTO `stock` (`id`, `amount`, `color_id`, `producto_id`, `tienda_id`) VALUES (110, 10, 5, 4, 3);
INSERT INTO `stock` (`id`, `amount`, `color_id`, `producto_id`, `tienda_id`) VALUES (111, 10, 6, 4, 3);
INSERT INTO `stock` (`id`, `amount`, `color_id`, `producto_id`, `tienda_id`) VALUES (112, 10, 7, 4, 3);
INSERT INTO `stock` (`id`, `amount`, `color_id`, `producto_id`, `tienda_id`) VALUES (113, 10, 1, 5, 3);
INSERT INTO `stock` (`id`, `amount`, `color_id`, `producto_id`, `tienda_id`) VALUES (114, 10, 2, 5, 3);
INSERT INTO `stock` (`id`, `amount`, `color_id`, `producto_id`, `tienda_id`) VALUES (115, 10, 3, 5, 3);
INSERT INTO `stock` (`id`, `amount`, `color_id`, `producto_id`, `tienda_id`) VALUES (116, 10, 4, 5, 3);
INSERT INTO `stock` (`id`, `amount`, `color_id`, `producto_id`, `tienda_id`) VALUES (117, 10, 5, 5, 3);
INSERT INTO `stock` (`id`, `amount`, `color_id`, `producto_id`, `tienda_id`) VALUES (118, 10, 6, 5, 3);
INSERT INTO `stock` (`id`, `amount`, `color_id`, `producto_id`, `tienda_id`) VALUES (119, 10, 7, 5, 3);
INSERT INTO `stock` (`id`, `amount`, `color_id`, `producto_id`, `tienda_id`) VALUES (120, 10, 1, 6, 3);
INSERT INTO `stock` (`id`, `amount`, `color_id`, `producto_id`, `tienda_id`) VALUES (121, 10, 2, 6, 3);
INSERT INTO `stock` (`id`, `amount`, `color_id`, `producto_id`, `tienda_id`) VALUES (122, 10, 3, 6, 3);
INSERT INTO `stock` (`id`, `amount`, `color_id`, `producto_id`, `tienda_id`) VALUES (123, 10, 4, 6, 3);
INSERT INTO `stock` (`id`, `amount`, `color_id`, `producto_id`, `tienda_id`) VALUES (124, 10, 5, 6, 3);
INSERT INTO `stock` (`id`, `amount`, `color_id`, `producto_id`, `tienda_id`) VALUES (125, 10, 6, 6, 3);
INSERT INTO `stock` (`id`, `amount`, `color_id`, `producto_id`, `tienda_id`) VALUES (126, 10, 7, 6, 3);
-- TABLA DESCUENTOS
INSERT INTO `discounts` (`id`, `discount`, `final_hour`, `increment_type`, `initial_hour`, `day_type`) VALUES (1, 0.05, NULL, 'P', NULL, 'MONDAY');
INSERT INTO `discounts` (`id`, `discount`, `final_hour`, `increment_type`, `initial_hour`, `day_type`) VALUES (2, 0.05, NULL, 'P', NULL, 'TUESDAY');
INSERT INTO `discounts` (`id`, `discount`, `final_hour`, `increment_type`, `initial_hour`, `day_type`) VALUES (3, 0.12, NULL, 'P', NULL, 'SUNDAY');
INSERT INTO `discounts` (`id`, `discount`, `final_hour`, `increment_type`, `initial_hour`, `day_type`) VALUES (4, 0.10, 12, 'P', 10, 'ALL');
INSERT INTO `discounts` (`id`, `discount`, `final_hour`, `increment_type`, `initial_hour`, `day_type`) VALUES (5, 2, 16, 'M', 13, 'ALL');
INSERT INTO `discounts` (`id`, `discount`, `final_hour`, `increment_type`, `initial_hour`, `day_type`) VALUES (6, 0.03, 19, 'P', 16, 'ALL');
INSERT INTO `discounts` (`id`, `discount`, `final_hour`, `increment_type`, `initial_hour`, `day_type`) VALUES (7, 0.09, 18, 'P', 10, 'WEDNESDAY');
INSERT INTO `discounts` (`id`, `discount`, `final_hour`, `increment_type`, `initial_hour`, `day_type`) VALUES (8, 0.14, 15, 'P', 10, 'SATURDAY');